{
    "2014-10-10-14-50": {
        "filename": "2014-10-10-14-50-artikel-14.md",
        "url": "blog\/2014\/10\/10\/artikel-14",
        "date": "2014-10-10 14:50"
    },
    "2014-10-10-13-50": {
        "filename": "2014-10-10-13-50-artikel-13.md",
        "url": "blog\/2014\/10\/10\/artikel-13",
        "date": "2014-10-10 13:50"
    },
    "2014-10-10-12-50": {
        "filename": "2014-10-10-12-50-artikel-12.md",
        "url": "blog\/2014\/10\/10\/artikel-12",
        "date": "2014-10-10 12:50"
    },
    "2014-10-10-11-50": {
        "filename": "2014-10-10-11-50-artikel-11.md",
        "url": "blog\/2014\/10\/10\/artikel-11",
        "date": "2014-10-10 11:50"
    },
    "2014-10-10-10-50": {
        "filename": "2014-10-10-10-50-artikel-10.md",
        "url": "blog\/2014\/10\/10\/artikel-10",
        "date": "2014-10-10 10:50"
    },
    "2014-10-10-09-50": {
        "filename": "2014-10-10-09-50-artikel-9.md",
        "url": "blog\/2014\/10\/10\/artikel-9",
        "date": "2014-10-10 09:50"
    },
    "2014-10-10-08-50": {
        "filename": "2014-10-10-08-50-artikel-8.md",
        "url": "blog\/2014\/10\/10\/artikel-8",
        "date": "2014-10-10 08:50"
    },
    "2014-10-10-07-50": {
        "filename": "2014-10-10-07-50-artikel-7.md",
        "url": "blog\/2014\/10\/10\/artikel-7",
        "date": "2014-10-10 07:50"
    },
    "2014-10-10-06-50": {
        "filename": "2014-10-10-06-50-artikel-6.md",
        "url": "blog\/2014\/10\/10\/artikel-6",
        "date": "2014-10-10 06:50"
    },
    "2014-10-10-05-50": {
        "filename": "2014-10-10-05-50-artikel-5.md",
        "url": "blog\/2014\/10\/10\/artikel-5",
        "date": "2014-10-10 05:50"
    },
    "2014-10-10-04-50": {
        "filename": "2014-10-10-04-50-artikel-4.md",
        "url": "blog\/2014\/10\/10\/artikel-4",
        "date": "2014-10-10 04:50"
    },
    "2014-10-10-04-40": {
        "filename": "2014-10-10-04-40-artikel-3.md",
        "url": "blog\/2014\/10\/10\/artikel-3",
        "date": "2014-10-10 04:40"
    },
    "2014-10-10-04-00": {
        "filename": "2014-10-10-04-00-artikel-2.md",
        "url": "blog\/2014\/10\/10\/artikel-2",
        "date": "2014-10-10 04:00"
    },
    "2014-10-10-03-00": {
        "filename": "2014-10-10-03-00-artikel-1.md",
        "url": "blog\/2014\/10\/10\/artikel-1",
        "date": "2014-10-10 03:00"
    },
    "2014-10-10-02-00": {
        "filename": "2014-10-10-02-00-hello-world.md",
        "url": "blog\/2014\/10\/10\/hello-world",
        "date": "2014-10-10 02:00"
    }
}